Workbook

Sheet Sheet1
A1: GEO SERVICES NEPAL | G1: Formula Sheet
A2: S.N | B2: INPUT AREA( SQM ) | C2: Ropani | D2: Aana | E2: Paisa | F2: Dam | G2: Ropani | H2: Ropani | I2: Aana | J2: Aana | K2: Paisa | L2: paisa | M2: Dam | O2: Ropani - Aana - Paisa - Dam
A3: 1 | B3: 966.34 | C3: =INT(G3) -> 1 | D3: =INT(I3) -> 14 | E3: =INT(K3) -> 1 | F3: =TRUNC(M3,1) -> 2.2 | G3: =B3/508.74 -> 1.8994771 | H3: =G3-TRUNC(G3) -> 0.89947714 | I3: =H3*16 -> 14.391634 | J3: =I3-TRUNC(I3) -> 0.39163423 | K3: =J3*4 -> 1.5665369 | L3: =K3-TRUNC(K3) -> 0.56653693 | M3: =L3*4 -> 2.2661477 | O3: =C3&" - "&D3&" - "&E3&" - "&F3 -> 1 - 14 - 1 - 2.2
A4: 2 | B4: 525252 | C4: =INT(G4) -> 1032 | D4: =INT(I4) -> 7 | E4: =INT(K4) -> 1 | F4: =TRUNC(M4,1) -> 0.9 | G4: =B4/508.74 -> 1032.4567 | H4: =G4-TRUNC(G4) -> 0.45665762 | I4: =H4*16 -> 7.306522 | J4: =I4-TRUNC(I4) -> 0.306522 | K4: =J4*4 -> 1.226088 | L4: =K4-TRUNC(K4) -> 0.22608798 | M4: =L4*4 -> 0.90435193 | O4: =C4&" - "&D4&" - "&E4&" - "&F4 -> 1032 - 7 - 1 - 0.9
A5: 3 | B5: 2178.068 | C5: =INT(G5) -> 4 | D5: =INT(I5) -> 4 | E5: =INT(K5) -> 2 | F5: =TRUNC(M5,1) -> 0 | G5: =B5/508.74 -> 4.2812989 | H5: =G5-TRUNC(G5) -> 0.2812989 | I5: =H5*16 -> 4.5007823 | J5: =I5-TRUNC(I5) -> 0.50078232 | K5: =J5*4 -> 2.0031293 | L5: =K5-TRUNC(K5) -> 0.0031292998 | M5: =L5*4 -> 0.012517199 | O5: =C5&" - "&D5&" - "&E5&" - "&F5 -> 4 - 4 - 2 - 0
A6: 4 | B6: 466.0398 | C6: =INT(G6) -> 0 | D6: =INT(I6) -> 14 | E6: =INT(K6) -> 2 | F6: =TRUNC(M6,1) -> 2.5 | G6: =B6/508.74 -> 0.91606675 | H6: =G6-TRUNC(G6) -> 0.91606675 | I6: =H6*16 -> 14.657068 | J6: =I6-TRUNC(I6) -> 0.65706805 | K6: =J6*4 -> 2.6282722 | L6: =K6-TRUNC(K6) -> 0.6282722 | M6: =L6*4 -> 2.5130888 | O6: =C6&" - "&D6&" - "&E6&" - "&F6 -> 0 - 14 - 2 - 2.5
A7: 5 | B7: 241.8182 | C7: =INT(G7) -> 0 | D7: =INT(I7) -> 7 | E7: =INT(K7) -> 2 | F7: =TRUNC(M7,1) -> 1.6 | G7: =B7/508.74 -> 0.47532767 | H7: =G7-TRUNC(G7) -> 0.47532767 | I7: =H7*16 -> 7.6052428 | J7: =I7-TRUNC(I7) -> 0.60524276 | K7: =J7*4 -> 2.420971 | L7: =K7-TRUNC(K7) -> 0.42097103 | M7: =L7*4 -> 1.6838841 | O7: =C7&" - "&D7&" - "&E7&" - "&F7 -> 0 - 7 - 2 - 1.6
A8: 6 | B8: 131.974 | C8: =INT(G8) -> 0 | D8: =INT(I8) -> 4 | E8: =INT(K8) -> 0 | F8: =TRUNC(M8,1) -> 2.4 | G8: =B8/508.74 -> 0.25941345 | H8: =G8-TRUNC(G8) -> 0.25941345 | I8: =H8*16 -> 4.1506152 | J8: =I8-TRUNC(I8) -> 0.15061525 | K8: =J8*4 -> 0.60246098 | L8: =K8-TRUNC(K8) -> 0.60246098 | M8: =L8*4 -> 2.4098439 | O8: =C8&" - "&D8&" - "&E8&" - "&F8 -> 0 - 4 - 0 - 2.4
A9: 7 | B9: 131.3676 | C9: =INT(G9) -> 0 | D9: =INT(I9) -> 4 | E9: =INT(K9) -> 0 | F9: =TRUNC(M9,1) -> 2.1 | G9: =B9/508.74 -> 0.25822149 | H9: =G9-TRUNC(G9) -> 0.25822149 | I9: =H9*16 -> 4.1315438 | J9: =I9-TRUNC(I9) -> 0.13154381 | K9: =J9*4 -> 0.52617526 | L9: =K9-TRUNC(K9) -> 0.52617526 | M9: =L9*4 -> 2.104701 | O9: =C9&" - "&D9&" - "&E9&" - "&F9 -> 0 - 4 - 0 - 2.1
A10: 8 | B10: 127.1862 | C10: =INT(G10) -> 0 | D10: =INT(I10) -> 4 | E10: =INT(K10) -> 0 | F10: =TRUNC(M10,1) -> 0 | G10: =B10/508.74 -> 0.25000236 | H10: =G10-TRUNC(G10) -> 0.25000236 | I10: =H10*16 -> 4.0000377 | J10: =I10-TRUNC(I10) -> 3.77403e-05 | K10: =J10*4 -> 0.0001509612 | L10: =K10-TRUNC(K10) -> 0.0001509612 | M10: =L10*4 -> 0.00060384479 | O10: =C10&" - "&D10&" - "&E10&" - "&F10 -> 0 - 4 - 0 - 0
A11: 9 | B11: 139.5184 | C11: =INT(G11) -> 0 | D11: =INT(I11) -> 4 | E11: =INT(K11) -> 1 | F11: =TRUNC(M11,1) -> 2.2 | G11: =B11/508.74 -> 0.27424303 | H11: =G11-TRUNC(G11) -> 0.27424303 | I11: =H11*16 -> 4.3878885 | J11: =I11-TRUNC(I11) -> 0.38788851 | K11: =J11*4 -> 1.551554 | L11: =K11-TRUNC(K11) -> 0.55155404 | M11: =L11*4 -> 2.2062161 | O11: =C11&" - "&D11&" - "&E11&" - "&F11 -> 0 - 4 - 1 - 2.2
A12: 10 | B12: 129.2463 | C12: =INT(G12) -> 0 | D12: =INT(I12) -> 4 | E12: =INT(K12) -> 0 | F12: =TRUNC(M12,1) -> 1 | G12: =B12/508.74 -> 0.25405177 | H12: =G12-TRUNC(G12) -> 0.25405177 | I12: =H12*16 -> 4.0648284 | J12: =I12-TRUNC(I12) -> 0.0648284 | K12: =J12*4 -> 0.2593136 | L12: =K12-TRUNC(K12) -> 0.2593136 | M12: =L12*4 -> 1.0372544 | O12: =C12&" - "&D12&" - "&E12&" - "&F12 -> 0 - 4 - 0 - 1
A13: 11 | B13: 96.57861 | C13: =INT(G13) -> 0 | D13: =INT(I13) -> 3 | E13: =INT(K13) -> 0 | F13: =TRUNC(M13,1) -> 0.5 | G13: =B13/508.74 -> 0.18983884 | H13: =G13-TRUNC(G13) -> 0.18983884 | I13: =H13*16 -> 3.0374214 | J13: =I13-TRUNC(I13) -> 0.037421394 | K13: =J13*4 -> 0.14968558 | L13: =K13-TRUNC(K13) -> 0.14968558 | M13: =L13*4 -> 0.5987423 | O13: =C13&" - "&D13&" - "&E13&" - "&F13 -> 0 - 3 - 0 - 0.5
A14: 12 | B14: 154.0477 | C14: =INT(G14) -> 0 | D14: =INT(I14) -> 4 | E14: =INT(K14) -> 3 | F14: =TRUNC(M14,1) -> 1.5 | G14: =B14/508.74 -> 0.30280241 | H14: =G14-TRUNC(G14) -> 0.30280241 | I14: =H14*16 -> 4.8448386 | J14: =I14-TRUNC(I14) -> 0.84483862 | K14: =J14*4 -> 3.3793545 | L14: =K14-TRUNC(K14) -> 0.37935448 | M14: =L14*4 -> 1.5174179 | O14: =C14&" - "&D14&" - "&E14&" - "&F14 -> 0 - 4 - 3 - 1.5
... A17: 15 | B17: 130.0019 | C17: =INT(G17) -> 0 | D17: =INT(I17) -> 4 | E17: =INT(K17) -> 0 | F17: =TRUNC(M17,1) -> 1.4 | G17: =B17/508.74 -> 0.25553701 | H17: =G17-TRUNC(G17) -> 0.25553701 | I17: =H17*16 -> 4.0885922 | J17: =I17-TRUNC(I17) -> 0.088592208 | K17: =J17*4 -> 0.35436883 | L17: =K17-TRUNC(K17) -> 0.35436883 | M17: =L17*4 -> 1.4174753 | O17: =C17&" - "&D17&" - "&E17&" - "&F17 -> 0 - 4 - 0 - 1.4

Sheet Sheet2
F2: =Sheet1!O3 -> 1 - 14 - 1 - 2.2
F3: =Sheet1!O4 -> 1032 - 7 - 1 - 0.9
F4: =Sheet1!O5 -> 4 - 4 - 2 - 0
F5: =Sheet1!O6 -> 0 - 14 - 2 - 2.5
F6: =Sheet1!O7 -> 0 - 7 - 2 - 1.6
F7: =Sheet1!O8 -> 0 - 4 - 0 - 2.4
F8: =Sheet1!O9 -> 0 - 4 - 0 - 2.1
F9: =Sheet1!O10 -> 0 - 4 - 0 - 0
F10: =Sheet1!O11 -> 0 - 4 - 1 - 2.2
F11: =Sheet1!O12 -> 0 - 4 - 0 - 1
F12: =Sheet1!O13 -> 0 - 3 - 0 - 0.5
F13: =Sheet1!O14 -> 0 - 4 - 3 - 1.5
... F16: =Sheet1!O17 -> 0 - 4 - 0 - 1.4
